ta	249
ōs	75
ti	65
an	61
akw	58
lāwi	55
juw	38
tuw	38
ērt	36
n	33
am	30
xum	27
ōjka	26
kēr	25
l	24
minasət	23
nōŋx	20
minas	19
ja	18
nupəl	18
taw	17
ul	17
sāt	17
sāli	16
tuwəl	16
minasiɣ	15
at	15
naŋ	14
joxtəs	14
ūj	13
anum	13
māt	12
wōrn	11
lāwēɣt	11
jol	11
kon	11
āŋkwal	11
mis	11
tōrew	10
a	10
ōli	10
palt	10
kos	10
oxs	10
jun	9
e	9
joxtəsət	9
tān	9
manər	9
tiɣ	9
i	9
mēŋkw	9
xumiɣ	8
āt	8
sōrup	8
ūl	8
patəs	8
man	8
kan	8
luw	8
jurɕxaten	7
jēmtəs	7
ēri	7
tot	7
āwi	7
xul	7
kit	7
pāl	7
pal	7
mēŋkwət	7
sāŋkwəlti	7
xāŋxtuwes	7
nēn	7
nāŋk	7
mir	7
āɕ	7
jaɣāɣite	6
jurɕxatēɣum	6
jōmiɣti	6
tūlmax	6
sunsēɣt	6
manurəl	6
tax	6
pōɕka	6
jāŋk	6
sipɣi	6
sipɣəs	6
pēlxatas	6
wos	6
alasiɣ	6
susne	6
ōn	5
xūlsət	5
āŋkwatas	5
xuma	5
mat	5
janiɣ	5
saka	5
xosit	5
tara	5
tox	5
ɕos	5
raɣatas	5
jaltəs	5
ɕāj	5
ke	5
apa	5
mus	5
apɕite	4
sar	4
sunsi	4
sōwər	4
tēxam	4
tawen	4
jurɕxatas	4
jot	4
xolit	4
oxsar	4
tiɣl	4
minēw	4
manriɣ	4
pis	4
kolas	4
ɕaltsət	4
ūjane	4
xot	4
xulax	4
sār	4
ɕar	4
puŋk	4
pēlwes	4
as	4
powartawes	4
kinsēɣt	4
minēɣt	4
nas	4
puŋna	4
āni	4
alastēn	4
pāwlēn	4
tēn	4
sujti	4
mān	4
nēɣlapas	4
sāŋkwəltan	4
ōlēɣ	3
aleln	3
alelen	3
nānann	3
mānawn	3
kwālsət	3
taj	3
raɕ	3
ōlēɣt	3
jalen	3
pussən	3
kol	3
kwālapas	3
sōl	3
pān	3
lowtxati	3
ax	3
moɕ	3
xujen	3
āŋkwaln	3
jēmtsət	3
xōt	3
totwes	3
xottal	3
ōŋx	3
pāsi	3
patsət	3
təl	3
mini	3
pattate	3
t	3
anumn	3
sipɣuŋkwe	3
ŋōŋx	3
ēw	3
iɕwēr	3
sup	3
ūnttuwes	3
sime	3
ɕarɣi	3
pāltwes	3
wōr	3
ila	3
sul	3
mēn	3
xosa	3
takiɕ	3
totawēɣ	3
ūnli	3
matər	3
xujēn	3
āɣikwe	3
xōtal	3
wārēɣt	3
ūnlēɣt	3
wōwawe	3
pupīɣ	3
jōŋxi	3
oln	3
ōtər	3
tup	3
lawēɣ	3
saxite	3
pati	3
alam	3
siraj	3
xōtəl	3
jalēɣum	2
naŋənn	2
lakwsite	2
xolitaniɣ	2
nupəlanəl	2
jalēw	2
tōwli	2
lakwsalijanəl	2
sōrp	2
potəlma	2
utane	2
ampar	2
kanna	2
lap	2
eɣe	2
tsət	2
jomas	2
īsnasnəl	2
mol	2
lāɕ	2
lāɕal	2
ūli	2
ēriɣ	2
tittn	2
xomi	2
sūpən	2
poriɣmēɣum	2
ērɣi	2
titt	2
manumtawes	2
pol	2
iɣ	2
totaste	2
puŋke	2
kuɕn	2
ēɕ	2
kīwərn	2
pinwes	2
nal	2
witn	2
tārtawes	2
ōlum	2
im	2
totime	2
ate	2
kojanəl	2
pēnɣi	2
towa	2
pasatsanəl	2
pāɣ	2
purēɣt	2
wārijanəl	2
ēla	2
sulinti	2
lēwmatsanəl	2
māte	2
lēwmatas	2
turen	2
takwi	2
tur	2
raɣatəs	2
ōxsar	2
ūjum	2
xotum	2
minen	2
sipɣasi	2
xapɣa	2
ɕeltumtaxti	2
kāt	2
kērsol	2
samaɣe	2
pālen	2
mōt	2
sāwna	2
ɕurɣawe	2
ɕārɣi	2
ɕun	2
os	2
soma	2
oxsum	2
pāwlum	2
xotal	2
maj	2
tit	2
lakw	2
en	2
tēlum	2
ūr	2
sir	2
xujne	2
lāɣəl	2
malaɕlaxti	2
nēnan	2
kinsi	2
xūlilum	2
ārɣum	2
towmelēn	2
wōŋxup	2
wil	2
xūntlēɣ	2
jola	2
ūntəlmatəs	2
āŋkwe	2
nōn	2
xujēɣət	2
totam	2
xōttal	2
taxas	2
utaɣən	2
miɣaɣum	2
jiw	2
ēln	2
ūntsət	2
jir	2
nēɣwēsət	2
sāŋkwəltaŋkwe	2
jōŋxas	2
sow	2
miwe	2
jōŋxəs	2
ānit	2
ōl	2
kwālɣe	2
poriɣmas	2
akwan	2
wārēw	2
jalpəŋ	2
ūs	2
sāŋkwəltap	2
xumjaɣe	2
mā	2
tūp	2
xuril	2
axa	2
wāɣtal	2
totijaɣum	2
sisen	2
lajxatas	2
utanəl	2
jaɣāɣitēntəl	1
ɕite	1
sūltɣali	1
lakwite	1
xūlsiɣ	1
lakwsalite	1
ee	1
lakwsijanəl	1
jurɕxateɣum	1
lēw	1
ižwer	1
lakwsawe	1
jurt	1
iŋt	1
wāreɣēn	1
aluŋkwe	1
kuseɣēn	1
nān	1
paltēn	1
jurɕxatəs	1
lawēɣt	1
kwalsət	1
nuplanəl	1
ālelen	1
nānan	1
tānanəlna	1
ūjt	1
konajuw	1
jalēɣt	1
jōnɣēɣt	1
xopəltēɣt	1
jōnɣəŋtēɣt	1
atum	1
totum	1
wāreɣt	1
āɣməl	1
awip	1
āwip	1
pattan	1
ɕalten	1
arten	1
paltum	1
toten	1
tēɣum	1
pūsmēɣum	1
pūnsijanuw	1
koni	1
xasumtasanəl	1
pūsxatsət	1
xūjliɣtasət	1
arti	1
xūriɣ	1
ɕas	1
tāɣintas	1
kwālapakēte	1
pantxatsət	1
karek	1
ūjanum	1
nāraptawesət	1
pattijanum	1
nēmat	1
piɕum	1
ārtmi	1
joxtēɣum	1
ūjn	1
alawem	1
xūrɣe	1
alməs	1
iŋ	1
āɣməŋ	1
akwəl	1
tittite	1
tittəste	1
pūsməs	1
ōlnete	1
tēsum	1
pūsməsum	1
tajapilum	1
tajapilən	1
pāŋkəŋ	1
ōsum	1
lowtxatēɣum	1
uɕ	1
tajapeln	1
lowtxatimete	1
tum	1
ūjanen	1
sakwatawes	1
xulaxe	1
palit	1
lowtxatēɣən	1
astēɣum	1
lowtxatas	1
supane	1
masapas	1
ūje	1
puŋken	1
xāŋxēɣum	1
ɕēɣum	1
tajanum	1
ērɣijanum	1
pāliɣxarteln	1
ērɣanum	1
ōjiɣpēɣt	1
sūp	1
asənn	1
xāŋxəs	1
xarteln	1
ērɣum	1
ōjiɣpi	1
ērɣimete	1
ūjanən	1
patuŋkwe	1
ariɣtas	1
sakwatamt	1
xun	1
ōjiɣpeɣt	1
xūji	1
sūpe	1
xartim	1
nēɣlapēɣt	1
nēɣlapasət	1
joxtiɣpasət	1
xujam	1
ut	1
lōmtiɣ	1
wāɣlas	1
nor	1
pāltsət	1
maniɣtim	1
lōmtane	1
pāltwesət	1
pāltsanəl	1
ɕarwes	1
xott	1
jalaseɣt	1
ɕaritime	1
āraɕn	1
minās	1
āraɕt	1
rawtite	1
kinsite	1
xōntaste	1
wiste	1
osma	1
joli	1
paln	1
pinəste	1
ētimas	1
xujas	1
ēti	1
xujmēt	1
asn	1
xolas	1
sorumpatəs	1
jaɣāɣiten	1
rātwes	1
āsna	1
asna	1
wōnxa	1
sāɣruwes	1
nātawe	1
mātet	1
jalasasət	1
ōtranəl	1
jās	1
xajtēɣt	1
atintaxtēɣt	1
wōŋxan	1
tiɣəl	1
witna	1
tārtime	1
kinsuŋkwe	1
atintijanəl	1
kisxatēɣt	1
alɣal	1
lōŋxal	1
lāweɣt	1
pēnɣen	1
kāte	1
tāɣmatwes	1
atinti	1
jassa	1
joln	1
sakwataŋkwe	1
konsəl	1
konsi	1
puŋkəl	1
puri	1
ākw	1
siməŋiɣ	1
lōŋxitaxtēɣt	1
lēwatan	1
janit	1
xartsanəl	1
āmartawes	1
wātan	1
tā	1
sakwatiluw	1
lōnxitaxtēɣt	1
xuml	1
tōrewn	1
ɕaxnil	1
jūniɣtalawe	1
lipn	1
ati	1
nēmxotum	1
pattal	1
eŋktasite	1
wolkati	1
sakwali	1
āwramət	1
takəɕ	1
pinelen	1
al	1
sūlintas	1
ān	1
eŋktasaste	1
maniɣtaŋkwe	1
pūxtasət	1
maniɣtēɣt	1
janɣiɣ	1
maniɣtasanəl	1
koɕajanəl	1
alwes	1
alim	1
sunsiɣlijanəl	1
aset	1
xōntsanəl	1
jaltaptiluw	1
sipɣiluw	1
wēk	1
lēwmati	1
koɕjanəl	1
jaltuptaŋkwe	1
mōtan	1
tulmax	1
xōməl	1
xuji	1
koɕaje	1
lawi	1
nōx	1
jaltuptelen	1
xāpka	1
totelen	1
ol	1
tāl	1
axn	1
sajna	1
xūrmintiɣ	1
sipɣasas	1
supən	1
liliŋiɣ	1
koɕaj	1
jaltuptawes	1
mōlal	1
pāwlanəln	1
apɕitēn	1
wujwes	1
pattaɣenəl	1
norətn	1
əl	1
jūniɣtawes	1
puwtmawesiɣ	1
sam	1
witaɣe	1
ɕurɣēɣ	1
ūnttum	1
nupəlum	1
ānim	1
sāw	1
nupəle	1
moɕɕa	1
woɕkasawes	1
nāluw	1
aɣenəl	1
ūjanētəl	1
lawn	1
name	1
pīɣ	1
oxsēn	1
sēməl	1
ɣi	1
ētimaŋkwe	1
jōmliɣtapas	1
alaslēn	1
jāta	1
lāwēɣ	1
pāwlumēn	1
joxtxatēɣēn	1
laɕaliɣ	1
ōlnēn	1
tikeməl	1
joxtēw	1
ētimawēw	1
akwate	1
mōtane	1
pālumt	1
siɣ	1
poxtēn	1
poxtasiɣ	1
asananəl	1
ɕuwɣēɣt	1
takem	1
pēlpiɕ	1
mānəl	1
tōrumnəl	1
simən	1
ōltum	1
kolna	1
nēɣləsət	1
muli	1
pālt	1
sampal	1
akwēɣ	1
totiɣpawesiɣ	1
atēn	1
tēpɣālasət	1
ajsət	1
pora	1
ɕopitas	1
pālumn	1
siniɣtaxtim	1
ōjawem	1
pilēɣēn	1
ōjawēn	1
xūntlēn	1
joxti	1
tujalēn	1
almajēn	1
tjatta	1
jūniɣtelēn	1
xan	1
ɕtasaɣe	1
xujasət	1
pālēn	1
xujasiɣ	1
ōjəlmatwes	1
ōjawēɣ	1
jīnēte	1
kinsawēɣ	1
kwālttēɣ	1
tujēɣ	1
āriɣ	1
tōwmālitēn	1
sajkali	1
wissiɣ	1
tjat	1
jūniɣtastēn	1
roxtəs	1
tiji	1
sāŋxwasaste	1
kolkann	1
minasum	1
xōntxatēɣum	1
tuɕteln	1
ɕōwal	1
loxēnəl	1
kwālapame	1
tuɕtuwes	1
xōtalas	1
jaɣpīɣanən	1
wōwen	1
utkweɣ	1
totiɣpēɣaɣuw	1
jaɣpīɣane	1
totuŋkwe	1
totiɣpawēsət	1
ɕaltliɣtasət	1
wārijaɣuw	1
mājeɣn	1
kātuwn	1
patēɣ	1
tēɣaɣuw	1
piluŋkwe	1
patsiɣ	1
jirxatne	1
wāruŋkwe	1
sāɣruŋkwe	1
wārsət	1
sāɣrəsət	1
wārim	1
utət	1
tāɣatālawesət	1
wōwwēsət	1
ēlanuw	1
sālit	1
pōswēsət	1
puwuŋkwe	1
puwwes	1
ōwəln	1
pīɣanəl	1
tāne	1
ojiɣpas	1
pōjtəltaste	1
jīnete	1
lōŋxan	1
ɕap	1
ɕil	1
sujtēɣt	1
muwal	1
əs	1
rōttumlawes	1
sisn	1
xosɣawet	1
tāɣatawēt	1
tāɣəltawe	1
māɣəs	1
sawit	1
miɣaɣe	1
sisēt	1
mūwal	1
ūnttuwesət	1
luwe	1
lāɣlane	1
kātane	1
s	1
oxsəl	1
oxsarəl	1
tāɣatawe	1
sist	1
pojtəltawes	1
wōwi	1
mana	1
xūrum	1
sartum	1
xārəl	1
kērim	1
sune	1
sis	1
pāln	1
nēɣəste	1
sisnəl	1
potərtēɣt	1
wōwawēɣ	1
majeɣēn	1
kastəl	1
miɣ	1
rōwi	1
miɣuw	1
pors	1
tēwēɣ	1
miɣaɣuw	1
xumjanəl	1
xūntlēɣt	1
uɕa	1
kārtlaxtēw	1
ēlmxōlasaɣe	1
ōlkēn	1
ɕēɣēn	1
ɕimēn	1
konsəŋ	1
ōɕnēn	1
wōwiluw	1
xājtəs	1
artumtaste	1
artumtame	1
ūntəs	1
ūnlimanəl	1
xosiɣxatuŋkwe	1
jaluŋkwe	1
tɣajt	1
ōwəlt	1
ōsəŋ	1
jōwt	1
āl	1
tāɣatan	1
titn	1
āŋxwəs	1
tāɣataste	1
tāɣatame	1
kātētəl	1
ūrmiɣtaste	1
tuɕtəste	1
tuɕtite	1
āŋkwale	1
rōtməs	1
wasiɣ	1
xumjane	1
ɕi	1
xajtatālne	1
wōrt	1
xōntxatsuw	1
māwt	1
pāwlumn	1
jīsuw	1
tēŋkwe	1
marəltawesuw	1
kōnsəŋ	1
pērmtaxtas	1
pērmtaxtame	1
lēwataste	1
lēwatame	1
porat	1
sus	1
ne	1
irasas	1
sunēn	1
tālmatas	1
taxasət	1
wonsutalsət	1
takēməl	1
roxtasət	1
totiɣpame	1
kot	1
lanenəl	1
wōtumtawesət	1
sāɣrapawesət	1
xatasət	1
raɣatasət	1
alasanəl	1
minam	1
tānkkēnəl	1
totiɣlasaɣən	1
totēɣn	1
masas	1
ūlum	1
minēɣum	1
mōl	1
jalas	1
intas	1
xumijaɣe	1
totiɣlasaɣe	1
oxəs	1
mānəln	1
totsaɣe	1
minēn	1
xōntxatēɣēn	1
xōntxatimēn	1
ēɣt	1
